title,date_published,author,source,comment_text,keyword_category,language
First Aid on a Stab Wound 🚑🔪 #paramedic #ambulance #firstaid #emergency #hospital #nurse,2026-02-15,Unknown,YouTube,I think first aid and CPR needs a revamp. You gotta be kidding me with this shit.,health,en
First Aid on a Stab Wound 🚑🔪 #paramedic #ambulance #firstaid #emergency #hospital #nurse,2026-02-15,Unknown,YouTube,"Never do this.

First thing you learn in first aid training, if it touches the floor it doesn't touch the patient.

Real method is to use 3 standard bandage rolls, 2 rolls still rolled up either side of penetrating object (knife in this case) and 3rd unwound to wrap around patient to hold everything in place.",health,en
First Aid on a Stab Wound 🚑🔪 #paramedic #ambulance #firstaid #emergency #hospital #nurse,2026-02-13,Unknown,YouTube,"First aid❌️
Last aid✅️",health,en
First Aid on a Stab Wound 🚑🔪 #paramedic #ambulance #firstaid #emergency #hospital #nurse,2026-02-13,Unknown,YouTube,Imagine getting stabbed and your paramedic starts doing a stab wound first aid tutorial video for his TikTok then turns to you to asking “what’s next?”,health,en
First Aid on a Stab Wound 🚑🔪 #paramedic #ambulance #firstaid #emergency #hospital #nurse,2026-02-11,Unknown,YouTube,Nah if i get stabbed and my paramedic be smiling like that while providing first aid ima pull that knife and stick it to his throat 😂 fk that creepy ass smile 🤣,health,en
First Aid on a Stab Wound 🚑🔪 #paramedic #ambulance #firstaid #emergency #hospital #nurse,2026-02-11,Unknown,YouTube,"First aid 👎
First dead 👍",health,en
First Aid on a Stab Wound 🚑🔪 #paramedic #ambulance #firstaid #emergency #hospital #nurse,2026-02-10,Unknown,YouTube,Ok i got my First aid bag 😂,health,en
First Aid on a Stab Wound 🚑🔪 #paramedic #ambulance #firstaid #emergency #hospital #nurse,2026-02-10,Unknown,YouTube,"I hate seeing stabbing first aid videos where the knife is still in the person/dummy. That like almost never ever happens. As if a stabbing attack is a ""here, hold this"" moment.",health,en
First Aid on a Stab Wound 🚑🔪 #paramedic #ambulance #firstaid #emergency #hospital #nurse,2026-02-09,Unknown,YouTube,Sollte in Berlin zur Pflicht werden solch ein First Aid Kid dabei zuhaben,health,en
First Aid on a Stab Wound 🚑🔪 #paramedic #ambulance #firstaid #emergency #hospital #nurse,2026-02-09,Unknown,YouTube,So no first aid. Just protection of the wound…….got it,health,en
First Aid on a Stab Wound 🚑🔪 #paramedic #ambulance #firstaid #emergency #hospital #nurse,2026-02-08,Unknown,YouTube,Thats not first aid😂,health,en
First Aid on a Stab Wound 🚑🔪 #paramedic #ambulance #firstaid #emergency #hospital #nurse,2026-02-08,Unknown,YouTube,"That’s it, I’m taking my first aid kit with me everywhere that doesn’t have this in 🤦🏻‍♀️🤣",health,en
First Aid on a Stab Wound 🚑🔪 #paramedic #ambulance #firstaid #emergency #hospital #nurse,2026-02-06,Unknown,YouTube,"So many comments here that suggests far ""better"" first aid treatment than the real medic 🤷‍♀️",health,en
First Aid on a Stab Wound 🚑🔪 #paramedic #ambulance #firstaid #emergency #hospital #nurse,2026-02-05,Unknown,YouTube,"Me-- doc i have been stabbed help me😢
Doc-- hold on let me finished my reels (first aid tutorial) 😅",health,en
First Aid on a Stab Wound 🚑🔪 #paramedic #ambulance #firstaid #emergency #hospital #nurse,2026-02-04,Unknown,YouTube,"Measure the length of your extended fingers. 

Why did you go 2 in extra? 

Because my hand is not big enough. 

Also dude, that duct tape is not going to stick to anything once it gets soaked with the patient's blood. A better thing to do would be to wrap it in gauze to stop the bleeding and then tape around the gauze. Any first aid idiot knows that.",health,en
First Aid on a Stab Wound 🚑🔪 #paramedic #ambulance #firstaid #emergency #hospital #nurse,2026-02-03,Unknown,YouTube,I saw no first aid in this video,health,en
First Aid on a Stab Wound 🚑🔪 #paramedic #ambulance #firstaid #emergency #hospital #nurse,2026-02-02,Unknown,YouTube,never even seen a Sam splint until now. they do not come standard in a first aid kit. and I don't carry one in my pocket.,health,en
First Aid on a Stab Wound 🚑🔪 #paramedic #ambulance #firstaid #emergency #hospital #nurse,2026-01-31,Unknown,YouTube,What the fuck did you accomplish bud not a god damn thing my god this is why military first aid should be taught in school I had the absolute hardest course a sucking chest wound and let me be the first to tell you I passed with the highest score you can get yet you think putting a fuck ass splint is gonna help do not make anymore videos on this topic you're advice is gonna kill someone.,health,en
First Aid on a Stab Wound 🚑🔪 #paramedic #ambulance #firstaid #emergency #hospital #nurse,2026-01-31,Unknown,YouTube,Bro so this means I have to take a first aid kid everywhere all the time?,health,en
First Aid on a Stab Wound 🚑🔪 #paramedic #ambulance #firstaid #emergency #hospital #nurse,2026-01-31,Unknown,YouTube,First aid no kill aid yes,health,en
First Aid on a Stab Wound 🚑🔪 #paramedic #ambulance #firstaid #emergency #hospital #nurse,2026-01-30,Unknown,YouTube,I remember when we used to be taught how to make a ring bandage for wounds like this from triangular bandages in first aid,health,en
First Aid on a Stab Wound 🚑🔪 #paramedic #ambulance #firstaid #emergency #hospital #nurse,2026-01-29,Unknown,YouTube,"First aid ❌
First buy the things ✅",health,en
First Aid on a Stab Wound 🚑🔪 #paramedic #ambulance #firstaid #emergency #hospital #nurse,2026-01-26,Unknown,YouTube,"Looks cool but is it any better than the bandage roll method? Serious question, cause when I took first aid class they thought us a different method of securing a stab wound.",health,en
First Aid For A Cut Wound,2026-01-24,Unknown,YouTube,"Doctor: So how did the cut occur? 
Him: I was doing a tutorial.
Doctor: A cooking tutorial, thats nice.
Him: No a first aid tutorial on a knife cut.",health,en
First Aid on a Stab Wound 🚑🔪 #paramedic #ambulance #firstaid #emergency #hospital #nurse,2026-01-23,Unknown,YouTube,If I had smiled like that while doing first aid I would also get stabbed,health,en
Off The Shelf “Wilderness” First Aid Kits,2026-01-17,Unknown,YouTube,"Benefit of sting relief wipes: my partner grew up in a house that hated camping and is very sensitive to bug bites. Also the first time I took em backpacking they got stung by like 8 wasps at once so, I always keep lots of sting relief and Benadryl for them. I think a big part of non-trauma first aid kits is letting you be able to focus on the fun parts of the outdoors",health,en
FIRST AID COURSE || First aid online apply kaise kare || Registration Red Cross society,2026-01-09,Unknown,YouTube,Sir me online registration kri c first aid classes ke lyi or payment success ho gyi but 3 days ho gye login id or password nhi mila na hi koi mail ayi hai? Please bata do kya reason ho sakda hai,health,en
Gunshot Wound First Aid ⛑️ #emergency #goodtoknow #firstaid #vet #medicine #funfacts #surgeonlife,2026-01-08,Unknown,YouTube,"If its not an appocalypse DO NOT do this, just preform normal first aid and wait for the paramedics. This may cause infections",health,en
FIRST AID COURSE || First aid online apply kaise kare || Registration Red Cross society,2025-12-31,Unknown,YouTube,Sir red cross society voluntarily se judne pr koi stipend bhi milta h kya,health,en
First Aid on a Stab Wound 🚑🔪 #paramedic #ambulance #firstaid #emergency #hospital #nurse,2025-12-18,Unknown,YouTube,"Of course, the first aid kit includes adhesive tape. We're so lost.",health,en
FIRST AID COURSE || First aid online apply kaise kare || Registration Red Cross society,2025-12-13,Unknown,YouTube,Mera first aid certificate expire ho gaya to kya ab wo renue ho sakta hai,health,en
FIRST AID COURSE || First aid online apply kaise kare || Registration Red Cross society,2025-12-12,Unknown,YouTube,Sir mene red cross society m admission liya tha or abi tak classes bhi start nhi Hui h but m ab admission nhi Lena chahta too fees refund kase hoyegi 1500 fees h,health,en
First Aid on a Hot Water Injury ♨️🚑 #ambulance #emergency #paramedic #firstaid #hospital #nurse,2025-11-27,Unknown,YouTube,First aid on a hot water injury ♨️🚑,health,en
6 Things You Should Have in Your First Aid Kit 🩹❤️‍🩹With Wound Care Specialist Dr. Abdul Moosa,2025-11-27,Unknown,YouTube,first aid kit 🔋🩹❤️,health,en
Basic First Aid Training UK (Updated 2023),2025-11-23,Unknown,YouTube,"00:00:04 | What is First Aid? (Priorities of a First Aider)
00:01:58 | First Aid Legislation (Health and Safety at Work Act 1974)
00:04:06 | Accident Reporting and RIDDOR Requirements
00:06:20 | Standard First Aid Kit Provisions
00:08:27 | Responsibilities of a First Aider (Taking Charge, Consent, Communication)
00:11:55 | Prioritizing First Aid Treatment
00:12:28 | Cross-Contamination and Infection Control
00:13:22 | The Primary Survey (Dr ABC)
00:17:02 | Recovery Position (and Demonstration)
00:21:40 | Secondary Assessment (History, Signs & Symptoms)
00:23:22 | The Respiratory System
00:24:02 | Adult CPR and AED Use
00:33:38 | Pediatric CPR and AED Use (Child and Baby)
00:41:11 | Disorders of Respiration (Choking Treatment)
00:45:32 | Disorders of Circulation (Shock, Fainting)
00:50:28 | General Bleeding and Wound Treatment
00:55:45 | Treating a Foreign Body Stuck in a Wound
00:57:39 | Amputations
01:01:02 | Seizures (Epilepsy - Tonic Clonic and Focal)
01:05:18 | Minor Burns and Scalds
01:09:02 | Other Foreign Objects (Splinters, Swallowing)",health,en
First Aid on a Finger Wound 🩸🩹 #ambulance #paramedic #firstaid #emergency #hospital #nurse,2025-11-20,Unknown,YouTube,First aid sabko sikhani chyie🎉🎉,health,en
First Aid on a Stab Wound 🚑🔪 #paramedic #ambulance #firstaid #emergency #hospital #nurse,2025-11-17,Unknown,YouTube,What if it is a bullet not knife?? What is the first aid??,health,en
6 Things You Should Have in Your First Aid Kit 🩹❤️‍🩹With Wound Care Specialist Dr. Abdul Moosa,2025-11-06,Unknown,YouTube,first aid kit 🔋,health,en
Off The Shelf “Wilderness” First Aid Kits,2025-11-05,Unknown,YouTube,"The fact you can have antibiotics in a first aid kit seems wild to me. Where I live you need a prescription for a doctor for any type of antibiotics and it is illegal to sell to people without a prescription. Professional medical associations even go out publicly to tell people to return unused antibiotics to prevent it from going out into the environment. You're not supposed to have it unless you need it right now.

Antibiotic resistance is a super scary thing, and I hope more countries implement stricter regulations. Those who don't put the rest of us (and especially future generations) at harm.",health,en
First Aid if somebody is chocking 🆘🚑 #ambulance #paramedic #firstaid #emergency #helpingsavelives,2025-10-03,Unknown,YouTube,Thank you for all..i have been looking for someone who teaches me to perform first aid simply until i found your channel🤍,health,en
First Aid on a Hot Water Injury ♨️🚑 #ambulance #emergency #paramedic #firstaid #hospital #nurse,2025-10-02,Unknown,YouTube,"Please always name every item you use, not everyone is a medic like you, but may need first aid",health,en
First Aid on a Hot Water Injury ♨️🚑 #ambulance #emergency #paramedic #firstaid #hospital #nurse,2025-09-26,Unknown,YouTube,"I Love your Videos, because it‘s really good to know something about First aid.",health,en
First Aid on a Finger Wound 🩸🩹 #ambulance #paramedic #firstaid #emergency #hospital #nurse,2025-09-25,Unknown,YouTube,"Thanks for adding VALUE to my LIFE.
I'M LEARNING. 
Please Lectures me more FIRST AID TREATMENT.",health,en
First Aid on a Stab Wound 🚑🔪 #paramedic #ambulance #firstaid #emergency #hospital #nurse,2025-09-23,Unknown,YouTube,I would die in mean time 😀 First aid should be easy and quick 😊,health,en
First Aid on a Stab Wound 🚑🔪 #paramedic #ambulance #firstaid #emergency #hospital #nurse,2025-09-19,Unknown,YouTube,First aid ❎ Last aid ☑️,health,en
Basic First Aid Training UK (Updated 2023),2025-09-14,Unknown,YouTube,thank you teacher for this infromation and also for help me learn first aid and improve my skills,health,en
First Aid on a Finger Wound 🩸🩹 #ambulance #paramedic #firstaid #emergency #hospital #nurse,2025-09-14,Unknown,YouTube,I make first aid at home❤❤,health,en
FIRST AID COURSE || First aid online apply kaise kare || Registration Red Cross society,2025-08-07,Unknown,YouTube,Sir kya first aid certificate renewal b ho sakta hai kya or kese hoga,health,en
FIRST AID COURSE || First aid online apply kaise kare || Registration Red Cross society,2025-07-24,Unknown,YouTube,sir  first aid box  ke liye apply kiya tha aur payment mode par pyment deducted ho gaya tha lekin payment recipt nhi aya aur server error a gaya h he,health,en
First Aid on a Stab Wound 🚑🔪 #paramedic #ambulance #firstaid #emergency #hospital #nurse,2025-07-19,Unknown,YouTube,"First aid ❌
Origami ✅",health,en
First Aid on a Stab Wound 🚑🔪 #paramedic #ambulance #firstaid #emergency #hospital #nurse,2025-07-17,Unknown,YouTube,5 minute crafts ahh first aid,health,en
Off The Shelf “Wilderness” First Aid Kits,2025-06-26,Unknown,YouTube,"I bought a adventure medical kit on sale for 25 dollars several years ago it was for group outings. I believe it was one of the expensive ones around 100-200$ , found it at Marshalls clearance. And I found it to be quite good for a basic first aid and minor trauma. Came with sam splint and gauze suitable for light to moderate bleeding and had stuff for boo-boos . Came with a CPR mask. It was a really complete first aid kit. Idk about the quality nowadays. I was fresh out of medic school and added a tourniquet and quickclot. Along with pressure bandage and it just needed some chest seals.",health,en
Gunshot Wound First Aid ⛑️ #emergency #goodtoknow #firstaid #vet #medicine #funfacts #surgeonlife,2025-06-21,Unknown,YouTube,Wow! This is not the reason why I was told to put candy inside my first aid kit but I like it. Lol,health,en
Is A Pet-Specific First Aid Kit Worth It? | The Pack,2025-06-17,Unknown,YouTube,Uhhhh yeah most of those are very similar to human first aid supplies and they're as strictly quality controlled as human equivalents,health,en
Is A Pet-Specific First Aid Kit Worth It? | The Pack,2025-06-16,Unknown,YouTube,"I like your Pet First Aid Kit so much, cheers 😘🐾✨🤗🙏❣️",health,en
Is A Pet-Specific First Aid Kit Worth It? | The Pack,2025-06-16,Unknown,YouTube,I hope your pet has a human first aid kit!  😉,health,en
Is A Pet-Specific First Aid Kit Worth It? | The Pack,2025-06-16,Unknown,YouTube,"Never showed us what's inside the human first aid kit, love.",health,en
Is A Pet-Specific First Aid Kit Worth It? | The Pack,2025-06-16,Unknown,YouTube,"My guys have a pet first aid kit that goes on all trips. I don't have tongue depressers in it though,  so zi might add some.",health,en
Is A Pet-Specific First Aid Kit Worth It? | The Pack,2025-06-16,Unknown,YouTube,Not pet but dog first aid,health,en
"Gaza is &#39;worse than hell on Earth&#39;, International Red Cross chief tells BBC | BBC News",2025-06-05,Unknown,YouTube,International red cross lying 🤥,other,en
First Aid on a Stab Wound 🚑🔪 #paramedic #ambulance #firstaid #emergency #hospital #nurse,2025-05-20,Unknown,YouTube,"These things are usually not in first aid kits, simply ❗DO NOT MOVE WITH THE OBJECT, AND MOST IMPORTANTLY DO NOT TAKE THEM OUT, ALWAYS WEAR GLOVES WHEN SOMEONE IS BLEEDING, IF YOU DON'T HAVE TAKE SOMETHING ELSE❗, put a sterile dressing around the object, and 2 rolled bandages, that's all, ❗ALWAYS COMMUNICATE❗",health,en
World Red Cross and Red Crescent Day 2025,2025-05-07,Unknown,YouTube,The International Red Cross has been my favorite humanitarian organization since I was attending elementary school in Poland. As a child I used to donate my pocket money to the Polish Red Cross (PCK). Thank you so much for all your humanitarian efforts and for helping make the world a better place for so many people while risking your own lives. It is very sad to hear that people die while helping others. You deserve the highest recognition!  Sending you much love! 💕 May God bless you all and keep you safe! 🙌,other,en
Gunshot Wound First Aid ⛑️ #emergency #goodtoknow #firstaid #vet #medicine #funfacts #surgeonlife,2025-05-03,Unknown,YouTube,"If you are in a public venue or office, look for the AEDs. Many places are now putting Stop The Bleed kits, which contain packing material and regular gauze as well as gloves and other equipment. 

If you’re able, take a Stop The Bleed course to learn more first aid",health,en
Gunshot Wound First Aid ⛑️ #emergency #goodtoknow #firstaid #vet #medicine #funfacts #surgeonlife,2025-05-02,Unknown,YouTube,"Cheap item that peeps should have in a first aid kit. A good garbage bag, it works wonders as a non-adhesive occlusive dressing. Use some sheers to cut down to size and takes up very little space in a bag.",health,en
First Aid on a Stab Wound 🚑🔪 #paramedic #ambulance #firstaid #emergency #hospital #nurse,2025-04-16,Unknown,YouTube,its a first aid on a stsb wound,health,en
FIRST AID COURSE || First aid online apply kaise kare || Registration Red Cross society,2025-04-05,Unknown,YouTube,Sir Ma haryana sa hu  lakin aabi Delhi rah raha hu kay ma delhi sa kar sakta hu first aid training apply,health,en
FIRST AID COURSE || First aid online apply kaise kare || Registration Red Cross society,2025-04-02,Unknown,YouTube,Sir muje online krna h first aid course 7 day ka ho skta h kya or pls phne nmbr b de do sir apne,health,en
First Aid on a Stab Wound 🚑🔪 #paramedic #ambulance #firstaid #emergency #hospital #nurse,2025-03-28,Unknown,YouTube,Yea cause everyone caries that with them just in case there's a stabbing.... First aid.... Not really,health,en
First Aid on a Stab Wound 🚑🔪 #paramedic #ambulance #firstaid #emergency #hospital #nurse,2025-03-23,Unknown,YouTube,You can use bandages if youre taking this long to craft something to splint it it puts the persons life at risk speed is part of first aid,health,en
First Aid on a Stab Wound 🚑🔪 #paramedic #ambulance #firstaid #emergency #hospital #nurse,2025-03-16,Unknown,YouTube,"Let me ask you something, who on earth would leave a knife inside you when they stab you??? It would make more sense to make first aid tutorials on what to do when there is no knife because there wouldnt be one.",health,en
First Aid on a Stab Wound 🚑🔪 #paramedic #ambulance #firstaid #emergency #hospital #nurse,2025-03-15,Unknown,YouTube,Who got that in their first aid box definitely not me 😂,health,en
First Aid on a Stab Wound 🚑🔪 #paramedic #ambulance #firstaid #emergency #hospital #nurse,2025-03-15,Unknown,YouTube,"Bro: YO BRO I GOT STAPPED MAN HELP ME
First aid: 🤙🏼 ait bro i got this",health,en
FIRST AID COURSE || First aid online apply kaise kare || Registration Red Cross society,2025-03-14,Unknown,YouTube,Sir hm rajsthan se hu first Aid apply kar diya h per batch show nhi ho rha sir ye online class lagegi kya home se,health,en
First Aid for Snake Bites 🐍🚑 #ambulance #paramedic #firstaid #emergency #hospital #nurse #survival,2025-03-07,Unknown,YouTube,Do first aid for a broken leg pls,health,en
First Aid on an Abrasion 🩸🚑 #ambulance #paramedic #firstaid #emergency #hospital #nurse //Ad,2025-02-21,Unknown,YouTube,"Hello. Very good that youre making first aid videos, but this is partly incorrect. With an abrasion, theres sand and dirt in the wound what you want to get out. Thats why you need to use water straight out of the tap (whaat also the instruction says) because it kind of sprays the dirt out. Covering it is correct tho.",health,en
First Aid on a Finger Wound 🩸🩹 #ambulance #paramedic #firstaid #emergency #hospital #nurse,2025-02-07,Unknown,YouTube,"Its also important to know that without this first aid, most of the pt probably won't make it. So shout-out to all paramedics 🌹❤",health,en
6 Things You Should Have in Your First Aid Kit 🩹❤️‍🩹With Wound Care Specialist Dr. Abdul Moosa,2025-02-05,Unknown,YouTube,"Use hand sanitizer, then put on loose gloves found in first aid kit to keep everything sanitary? So know the gloves are to help keep helper's germs away from the person's wound, and also the person's blood and germs away from the helper, but are the outside of the loose gloves stored in a box really considered sanitary?",health,en
6 Things You Should Have in Your First Aid Kit 🩹❤️‍🩹With Wound Care Specialist Dr. Abdul Moosa,2025-01-30,Unknown,YouTube,"#1 in your First Aid kit should be $200.00 American dollars just in case you need to see a doctor.  #2 $1,000.00 dollars in case you have to go to the Emergency Room.  LOL",health,en
First Aid if somebody is chocking 🆘🚑 #ambulance #paramedic #firstaid #emergency #helpingsavelives,2025-01-20,Unknown,YouTube,I saved someone once who was choking. Even if I never accomplish anything else in life I know I changed someone else's for the good forever. Knowing first aid rocks.,health,en
First Aid on an Abrasion 🩸🚑 #ambulance #paramedic #firstaid #emergency #hospital #nurse //Ad,2025-01-13,Unknown,YouTube,First u need first aid kit😅😂,health,en
First Aid on an Abrasion 🩸🚑 #ambulance #paramedic #firstaid #emergency #hospital #nurse //Ad,2025-01-06,Unknown,YouTube,"Hi I would ask everyone what should be in first aid kit, which you can take with you everywhere and everyday, it means you fit it in backpack or in handbag and you still have enough space, simply something small with elementary things u need for help. Thanks for your ideas",health,en
Indian Red Cross society national health agency in Hindi || indian red cross society history||,2024-11-27,Unknown,YouTube,Kindly send me con. No of Gurdaspur of Red Cross Society.,other,en
First Aid on a Deep Cut! 🚑🩸#ambulance #paramedic #emergency #firstaid #nurse #hospital,2024-11-19,Unknown,YouTube,😅 First Aid good job,health,en
Indian Red Cross society national health agency in Hindi || indian red cross society history||,2024-11-11,Unknown,YouTube,"Red cross society established in 9 February 1863, indian Red cross society established in 1920",other,en
First Aid on a Finger Wound 🩸🩹 #ambulance #paramedic #firstaid #emergency #hospital #nurse,2024-10-30,Unknown,YouTube,it's important to remember first aid is only a temporary solution until you or the patient are able to get to a doctor or the hospital. allot of people forget this,health,en
How To Apply Red Cross Certificate Online 2023 | First Aid Certificate Online Haryana | Online 2023,2024-09-28,Unknown,YouTube,Bhaiya first aid certificate online exam k liye 300 rs successfully ho gaya but fee pending dika raha hai or ye dikha raha hai you did not applied for online training jab ki mene online exam k liye fee pay kiya hai.please tell me,health,en
FIRST AID COURSE || First aid online apply kaise kare || Registration Red Cross society,2024-09-06,Unknown,YouTube,Sir ye first aid certificate coal mines me bhi kam karega n,health,en
FIRST AID COURSE || First aid online apply kaise kare || Registration Red Cross society,2024-09-06,Unknown,YouTube,Offline first aid certificate valid h kya sir plz reply,health,en
FIRST AID COURSE || First aid online apply kaise kare || Registration Red Cross society,2024-08-29,Unknown,YouTube,Haryana m first aid ke liye apply ke baad kitna din wait krna pdta h classes ke liye,health,en
FIRST AID COURSE || First aid online apply kaise kare || Registration Red Cross society,2024-08-06,Unknown,YouTube,Hello first aid me koi life time validity bhi Hoti hai,health,en
first aid mcqs | first aid mcqs questions and answers | mcqs on first aid | first aid management,2024-08-06,Unknown,YouTube,I think first aid treatment for snake bite is apply a tourniquet so that the poison will not spread to rest of the body parts,health,en
How To Apply Red Cross Certificate Online 2023 | First Aid Certificate Online Haryana | Online 2023,2024-06-28,Unknown,YouTube,Ye batu diriving licence bhi banwana hi aur condicter licnec bhi  first aid wala dono m chal jaaye ga,health,en
Basic First Aid Training UK (Updated 2023),2024-06-25,Unknown,YouTube,I enjoyed the first aid CPR and A ED it was very educational,health,en
Off The Shelf “Wilderness” First Aid Kits,2024-04-05,Unknown,YouTube,"I have owned many Adventure Medical kits over the years.  They were available in sporting goods stores long before YouTube.  I appreciate your advice and critique; however, you failed to familiarize yourself with the Adventure Medical product line which ranges from very basic first aid to more comprehensive and in various categories to backpacking, car camping, water sports, hunting and even world travel.  My first QuitClot package was in a specific package for abrasions and bleeding - Adventure Medical made QuitClot available long before I saw other rescue first aid companies making it available to non paramedic users.  My first SOFTT was purchased in a small trauma kit from Adventure Medical.
All premade kits need to be supplemented, but I don’t expect an IFAK from a $50 basic kit.  Review the kit for its intended purpose -  I haven’t just owned their kits, there have been times their kits saved a vacation or at least provided relief when it was needed.
I drive a Jeep now and I have a fairly good med kit and I have even supplemented that with a North American CAT tourniquet, QuikClot, and Leatherman Raptor Shears all attached to the outside of the kit.  The kit is prominently secured right below one of my two fire extinguishers attached to the left and right rear roll cage bars.

When I am creek fishing or day hiking, I need a basic lightweight first aid kit.  When I engage in an off road sport where I’m responsible for my own self rescue, I carry what is recommended by my peers and then some.  I also carry a Garmin InReach and a satellite phone.

Please take the time to understand a companies product line and take the niche they are marketing to into consideration (there is a reason and a market for each of those two kits - the yellow one I have used kayaking, the blue one I have used car camping, fishing and general travel).
I take your advice seriously and have implemented your recommendations from many of your other videos that apply to my particular situation.",health,en
Off The Shelf “Wilderness” First Aid Kits,2024-04-01,Unknown,YouTube,Bunch of adventure  medical kids make some decent wilderness first aid kits,health,en
FIRST AID COURSE || First aid online apply kaise kare || Registration Red Cross society,2024-03-30,Unknown,YouTube,"im bams doctor and want to provide certificates for first aid what is the procedure of that, i have done senior profssional course",health,en
FIRST AID COURSE || First aid online apply kaise kare || Registration Red Cross society,2024-03-26,Unknown,YouTube,Sir mera first aid ka course hogia hai senior professional or result bhi show ho rha hai exam 19 ko hua tha par certificate nahi show ho rha,health,en
FIRST AID COURSE || First aid online apply kaise kare || Registration Red Cross society,2024-03-01,Unknown,YouTube,Mujhe ssc ka form fill up karna hai mujhe jarurat hai first aid ka cirtificate ki jarurat hai kitna din ka timeageg,health,en
FIRST AID COURSE || First aid online apply kaise kare || Registration Red Cross society,2024-02-02,Unknown,YouTube,Bhai first aid renewal kaise karte hai 5 saal ka isper bhi video banao na sir,health,en
Off The Shelf “Wilderness” First Aid Kits,2024-01-22,Unknown,YouTube,Preparing for the backcountry. Do you have a vid on what you consider to be the essential first aid and IFAK kit?,health,en
FIRST AID COURSE || First aid online apply kaise kare || Registration Red Cross society,2024-01-16,Unknown,YouTube,Sir jinka first aid certificate 5 years ke bad jo life time ka certificate hota he us ka bhi apply krne ka yehi process h ...?,health,en
Off The Shelf “Wilderness” First Aid Kits,2024-01-12,Unknown,YouTube,"I have the yellow 0.9 kit. In the bag I've added some quick clot, compressed gauze, cpr shield, and chest seal. Then I add this to a bigger kit depending on my needs. I've seen them 50% at Dick's recently, but I'm already feeling saturated with first aid kits.",health,en
Off The Shelf “Wilderness” First Aid Kits,2023-12-23,Unknown,YouTube,"Great video. I’m really glad that the focus of the video is that these FAKs aren’t used for life threatening scenarios and combat situations. These kits are for people who are hiking and camping, where the chances of suffering a gunshot wound is extremely slim.

I work out in the woods pretty extensively and always carry one of these in my pack and my truck. 

Any wilderness first aid course worth its salt teaches how to improvise splints, stretchers, etc. and when you’re outdoors where weight matters, being able to improvise these tools is much more effective than carrying them with you. 

Some stuff I personally always carry if I don’t have a full IFAK with me is hockey tape, water, and some kind of multi tool. I’ve had to deal with situations where myself or a coworker has been injured and that’s all I’ve had, and it goes A LONG way, trust me. Having something to clean/flush a wound (water, tweezers or knife), and something to wrap a wound efficiently (hockey tape, some gauze or clean cloth) is all you need in 90% of scenarios you’ll run into. 

Definitely be familiar with any kit you’re carrying, and just remember that knowledge and practice will save a life. I won’t say that I’d prefer a booklet to a course, but I’d prefer a booklet to nothing. Stay safe!",health,en
Off The Shelf “Wilderness” First Aid Kits,2023-12-03,Unknown,YouTube,Hi Sam I have to do like a first aid/station in a warehouse/workshop  I have experience of something like that for mines and under ground.. do you have any takes?,health,en
FIRST AID COURSE || First aid online apply kaise kare || Registration Red Cross society,2023-10-11,Unknown,YouTube,Sir Online class ni hoti kya first aid ki ???,health,en
FIRST AID COURSE || First aid online apply kaise kare || Registration Red Cross society,2023-09-06,Unknown,YouTube,How to renew? First aid certificate please reply,health,en
FIRST AID COURSE || First aid online apply kaise kare || Registration Red Cross society,2023-09-03,Unknown,YouTube,"सर मैं SSB में आया पोस्ट के लिए अप्लाई की थी written qualified हु ट्रेड टेस्ट के लिए 8 सितंबर को बुलाया गया है 1 year का exprence certificate मांगा गया है। 

 First aid examination pass certificate from red cross society or should be trained Dai... 🙏🙏 Please help me Sir 😭😭😭 बन जायेगा या नहीं प्लीज reply me 😭😭🙏🙏",health,en
FIRST AID COURSE || First aid online apply kaise kare || Registration Red Cross society,2023-08-26,Unknown,YouTube,"Sir jisne first aid renwal k liye form medallion certificate ka form bhara h uski kitni days ki class hoti h sir...ye bta dijiye plzz kyonki  batch m 7 days dikha raha h...jb dashboard check kra apna toh

 Plzz answer this question sir?",health,en
FIRST AID COURSE || First aid online apply kaise kare || Registration Red Cross society,2023-08-25,Unknown,YouTube,"(1)Medallion certificate k liye first aid renewal krana h so iska form bharne k bad iska renewal lcertificate k liye class bbi hoti h kya?
&
(2) first aid certificate Medallion k liye exam computer based hota h kya?
Plzz answer this question sir plzz🙏",health,en
FIRST AID COURSE || First aid online apply kaise kare || Registration Red Cross society,2023-08-04,Unknown,YouTube,Sir mera 2018  first aid  ka red cross certificate hai kya ye valid hoga ab bhi conductor licence ke liye?????????,health,en
How To Apply Red Cross Certificate Online 2023 | First Aid Certificate Online Haryana | Online 2023,2023-08-04,Unknown,YouTube,Sir mera 2018  first aid  ka red cross certificate hai kya ySir mera 2018  first aid  ka red cross certificate hai kya ye valid hoga ab bhi conductor licence ke liye?????????e valid hoga ab bhi conductor licence ke liye?????????,health,en
FIRST AID COURSE || First aid online apply kaise kare || Registration Red Cross society,2023-07-14,Unknown,YouTube,@digiguru -sir mya WESTBENGAL se belong karti hu tou ebala first aid certificate kaise banbayge.. Kyu ki WESTBENGAL me abale certificate nehi ho raha ha.. Toda sa suggest kijiye..,health,en
FIRST AID COURSE || First aid online apply kaise kare || Registration Red Cross society,2023-07-14,Unknown,YouTube,If i am not wrong By this course we are also eligible for gov job?? As a first aid person?,health,en
How To Apply Red Cross Certificate Online 2023 | First Aid Certificate Online Haryana | Online 2023,2023-07-10,Unknown,YouTube,first aid certificate me name correction kaise hoga,health,en
FIRST AID COURSE || First aid online apply kaise kare || Registration Red Cross society,2023-06-15,Unknown,YouTube,"Mene first aid course 2018 me kiya tha. Course ki validity kitni rahati? 
Ya mujhe new banana badega. 
Mujhe conductor liance banana h.",health,en
How To Apply Red Cross Certificate Online 2023 | First Aid Certificate Online Haryana | Online 2023,2023-04-01,Unknown,YouTube,First aid and rad cross dono same document h ya alag alag h reply diyo Bhai,health,en
How To Apply Red Cross Certificate Online 2023 | First Aid Certificate Online Haryana | Online 2023,2023-03-23,Unknown,YouTube,Bhai... First aid certificate bhi aise ban jayega online training krke?????,health,en
Basic First Aid Training UK (Updated 2023),2023-02-21,Unknown,YouTube,"Thank you for doing the 2 video's which I have watch over and over again. I needed to brush up on my passed first aid courses, top class instruction and really appreciated.",health,en
How To Apply Red Cross Certificate Online 2023 | First Aid Certificate Online Haryana | Online 2023,2023-01-05,Unknown,YouTube,Bhai sahab conductor licence ke liye bhi first aid ka certificate jaruri होता है to wo bhi ban jayega kya,health,en
INDIAN RED CROSS SOCIETY(IRCS) MANIPUR STATE BRANCH AMADI UNIVERSAL FRIENDSHIP ORGANISATION(UFO) GA,2026-02-15,NEw TV,YouTube,INDIAN RED CROSS SOCIETY(IRCS) MANIPUR STATE BRANCH AMADI UNIVERSAL FRIENDSHIP ORGANISATION(UFO) GA ...,other,en
"🩸TOP 50 BLOOD BANK MCQ’S 🔥| DHA | HAAD, MOH Model Paper #bloodbank #bloodgrouping  #exam #bloodgroup",2026-01-23,ALI TECHNOLOGIST,YouTube,"TOP 50 BLOOD BANK MCQ'S, ""This video is benefits for the students from all medical disciplines, including BS-MLT, MS-MLS, ...",donation,en
Someone Banged On The Blood Bank Door After Closing And She Had Seconds To Decide,2026-01-17,Stories of Kindness,YouTube,bloodbank #emergency #protocol #compassion #decision Man bangs on the blood bank door after closing in scrubs covered in ...,donation,en
How does the Blood Bank know what blood is safe for YOU? 👀🩸🤷🏽‍♀️ #bloodbank #blooddonation,2026-01-11,"Marilyn, MLS(ASCP) 🔬🧪",YouTube,nan,donation,en
Blood Matching 101: Why Antibodies Make It Harder| Multi-antibody #medlab #bloodbank,2025-12-08,Blood Talks,YouTube,How do Clinical Laboratory Scientists (CLS) calculate blood availability for patients with antibodies? Each antibody makes it ...,other,en
Blood Bank Workflow: The Journey of a Blood Bag,2025-11-22,Learn Medicine ,YouTube,BloodBank #BloodTransfusion #TransfusionMedicine #Hematology #ClinicalPhysiology #MedicalEducation #physiologylectures ...,donation,en
First Aid post at karachi Press Club,2025-11-12,Pakistan Red Crescent-Sindh,YouTube,The Pakistan Red Crescent Sindh Branch established a First Aid Post along with an Ambulance Service during the Family Festival ...,health,en
International Red Cross Vehicles Transport Alleged Remains Of Two Israeli Hostages,2025-10-30,Forbes Breaking News,YouTube,"On Thursday, the International Red Cross transported the reported bodies of two Israeli hostages that were returned by Hamas.",other,en
DONATE BLOOD SAVE LIFE🩸✨ #viral #trending #shorts #labtechnician #bloodbank #blooddonation #hospital,2025-10-27,Blood Bank Technician ,YouTube,nan,other,en
Blood bank process explained🩸🅾️🆎 #healthcare #science #laboratory #bloodbank,2025-10-23,"Marilyn, MLS(ASCP) 🔬🧪",YouTube,nan,donation,en
Scam Ballia blood bank ke naam per #bloodbank #modiji #yogiadityanath #uttarpradesh ,2025-10-17,khaini ki awaz ,YouTube,blood bank ke naam per Luta ja raha hai marijon ko khoon ke naam per kab tak Luta jaega Uttar Pradesh mein Yogi Adityanath ...,donation,en
I Love Blood Bank 🩸🆎#laboratory #healthcare #bloodbank,2025-10-15,"Marilyn, MLS(ASCP) 🔬🧪",YouTube,nan,donation,en
உயிர்காக்கும் முதலுதவி சிகிச்சை - CPR Procedure செய்வது எப்படி?,2025-10-05,Dr. P. MURUGESAN (Dr PM Times),YouTube,"In this video, Dr. P. Murugesan explains the lifesaving first aid procedure — CPR (Cardio Pulmonary Resuscitation). Knowing how ...",health,en
Citrate Overload: A Complication of Massive Transfusion #medlab #bloodbank,2025-09-29,Blood Talks,YouTube,Did you know that receiving a lot of blood transfusions can cause complications? One of the biggest concerns is citrate overload.,other,en
First Aid on a Hot Water Injury ♨️🚑 #ambulance #emergency #paramedic #firstaid #hospital #nurse,2025-09-25,BavariaMedic,YouTube,Hot water and steam can cause severe burn injuries within seconds. These scalds are painful and carry a high risk of infection ...,health,en
Wall Poster Campaign || RED CROSS SOCIETY Jiribam na Ambulance Service touba houragani,2025-09-17,Day to Day Jiribam- DDJ,YouTube,Wall Poster Campaign || RED CROSS SOCIETY Jiribam na Ambulance Service touba houragani ✓ Welcome to My Channel- Day ...,health,en
Indian Red Cross Society principals in telugu,2025-09-16,siva first aid,YouTube,indianredcrosssociety.,other,en
ब्लड बैंक(Blood Bank) की ये बातें नहीं पता होंगी #bloodbank #blood #education #facts #india,2025-08-19,Khan Sir Uncut,YouTube,khansir #khangs #khansirpatna Subscribe For Daily Khan Sir Uncut Videos..!!,donation,en
First Aid Training: Choking,2025-08-19,St John Ambulance,YouTube,For more information visit http://www.sja.org.uk St John Ambulance on Facebook - http://www.facebook.com/sja St John ...,health,en
First Aid Training: CPR,2025-08-19,St John Ambulance,YouTube,Learn the procedure for performing CPR on an unresponsive person in this video from St John Ambulance. CPR stands for ...,health,en
First Aid Training: Life-threatening bleeding,2025-08-19,St John Ambulance,YouTube,Learn first aid in treating a life-threatening bleed and apply a tourniquet in this short video from St John Ambulance. If severe ...,health,en
Red Cross Youth March,2025-07-29,Ploy,YouTube,"The Red Cross Youth March is a song used in the Red Cross Youth movement, which promotes morality, ethics, and social ...",event,en
ASSINGMENT 1- PERTOLONGAN CEMAS KECEDERAAN MELECUR ATAU TERBAKAR (BURN FIRST AID),2025-07-17,Nur Alleeya,YouTube,nan,health,en
red cross society ahmedabad..✨️🤞 #red #cross #society #moments #song #medical,2025-07-15,Jainit vajapur,YouTube,nan,other,en
What Is The International Red Cross? - Your Civil Rights Guide,2025-07-02,Your Civil Rights Guide,YouTube,"What Is The International Red Cross? In this informative video, we will provide an overview of the International Red Cross and its ...",other,en
Inside Singapore Red Cross Society | My Clothing Donation Day Tour  #GivingSG #donateresponsibly,2025-06-23,SuperPrincessjo,YouTube,"I VISITED the SINGAPORE RED CROSS Society + Donated My Clothes! In today's video, I take you on a full tour of the Singapore ...",other,en
ஜனாதிபதியை மதிக்காத செஞ்சிலுவை சங்கம் | செஞ்சிலுவை சங்கத்தில் நடக்கும் குளறுபடி | Red Cross Society|,2025-06-20,Arasiyal Thelivom,YouTube,திருநெல்வேலி செஞ்சிலுவை சங்கத்தில் நடக்கும் குளறுபடிகள்.,other,en
Is A Pet-Specific First Aid Kit Worth It? | The Pack,2025-06-16,The Dodo,YouTube,Is a pet-specific first aid kit really worth it? Our editor Aaliyah unboxed both a human and pet first aid kit to compare — and one ...,health,en
விஜிஎம் மருத்துவமனையில் அதிநவீன இரத்த வங்கி துவக்கம்.,2025-06-16,Times of Covai,YouTube,coimbatore #blooddonation #bloodbank #vgm #vgmhospital #awareness #karurvysyabank #vgmfoundation #kvbaarogya ...,donation,ta
#covai கோவையில் திறக்கபட்ட இரத்த வங்கி! #vairal2025 #malartv #malartvshorts #vgmhospital #bloodbank,2025-06-15,Malar Tv,YouTube,nan,donation,ta
First Aid For A Cut Wound,2025-06-12,Life Saving First Aid,YouTube,First Aid for a cut here's what to do! Learn the quick steps to treat a bleeding wound and prevent infection. Every second ...,health,en
#blood #blooddonation #bloodbank #gmch #hospital #nursing #doctor #pharmacy #viral,2025-06-07,GMCH Nursing ,YouTube,nan,other,en
"First Aid Training  provided by Indian Red Cross Society at V-Marc India Ltd, Haridwar",2025-06-06,V-MARC INDIA LIMITED,YouTube,"A comprehensive First Aid Training session was successfully conducted by the Indian Red Cross Society at V-Marc India Ltd, ...",health,en
Visit to blood bank 🤗😌😌 #mbbslife #mbbs #bloodbank,2025-06-05,lifewithshalvika ,YouTube,nan,donation,en
"New Faces, Same Unwavering Mission",2025-06-05,Singapore Red Cross,YouTube,"Step into the vibrant journey of our Red Cross Youth Chapter — where purpose meets passion, and every heartbeat counts.",event,en
"Gaza is &#39;worse than hell on Earth&#39;, International Red Cross chief tells BBC | BBC News",2025-06-04,BBC News,YouTube,"Gaza has become worse than hell on Earth, the president of the International Committee of the Red Cross has told the BBC.",other,en
பாம்பு கடித்தால் என்ன செய்யக்கூடாது? | Snake Bite First Aid Myths in Tamil | Adhiparasakthi Hospital,2025-05-27,Adhiparasakthi Hospitals,YouTube,பாம்பு கடிச்சா என்ன செய்யக்கூடாது? Snake bite myths can be dangerous – and in some ...,health,en
5 Basic First Aid Skills Everyone Should Know!,2025-05-10,The Better India,YouTube,thebetterindia What would you do in a medical emergency? Don't get caught unprepared! Learn 5 essential first aid skills that ...,health,en
World Red Cross and Red Crescent Day 2025,2025-05-07,International Committee of the Red Cross (ICRC),YouTube,"For over 160 years, the International Red Cross and Red Crescent Movement has stood by people in need, offering hope, relief, ...",other,en
World Red Cross Day WhatsApp Status Video | 08 May 2025 | உலக செஞ்சிலுவை தினம்,2025-05-07,kts_ creation,YouTube,World Red Cross Day and Red Crescent Day is an annual celebration of the principles of the International Red Cross and Red ...,other,en
What do blood types look like? #science #bloodtype #shorts #bloodbank,2025-05-07,MEDIC Regional Blood Center,YouTube,"Did you see our previous video about blood typing? The donor was blood type A+. However, what would it look like if she were ...",other,en
RED CROSS YOUTH ACTIVITY DURING THE SANRUGO,2025-05-06,Butching Vlog,YouTube,nan,event,en
Did you know your diet can affect your donations? #science  #plateletdonation #bloodbank  #blood,2025-05-05,MEDIC Regional Blood Center,YouTube,Did you know the foods you eat can affect your platelet donation? What do you want to know about donating blood and blood ...,other,en
First aid for a Stab Wound,2025-05-01,Life Saving First Aid,YouTube,A quick first aid guide that could save a life. Don't pull the object out Control bleeding Call 000 immediately #StabWound ...,health,en
Red Cross: Birth of Modern Ambulance Services,2025-05-01,fundsforNGOs,YouTube,Discover how the International Red Cross transformed battlefield medicine and pioneered ambulance services. Their legacy still ...,health,en
Community visit | red cross society ahmedabad #paruluniversity #bscnursing #collegelife #visit,2025-04-30,Nayna Zala,YouTube,Community visit | red cross society ahmedabad #paruluniversity #bscnursing #collegelife #visit #community #shortsfeed ...,other,en
Jahkil Jackson: 2025 Red Cross Youth Hero,2025-04-30,Illinois Region Red Cross,YouTube,"Jahkil Jackson, a 17-year-old from Chicago's South Side, founded Project I AM at just eight years old after witnessing the lived ...",event,en
Gunshot Wound First Aid ⛑️ #emergency #goodtoknow #firstaid #vet #medicine #funfacts #surgeonlife,2025-04-30,Vetventures,YouTube,nan,health,en
Size matters - Blood donation needles and their uses #science #bloodbank #blooddonation,2025-04-29,MEDIC Regional Blood Center,YouTube,Learn more about donating blood at https://medicblood.org. https://www.instagram.com/medicbloodcenter/ ...,donation,en
How does blood typing work? #science #bloodbank #bloodtype #blood #blooddonation,2025-04-28,MEDIC Regional Blood Center,YouTube,Do you know your blood type? We test all donors for their blood type following their donation. See a MEDIC booth at an event?,other,en
First Aid for Dog Bites,2025-04-15,First Aid Pro,YouTube,Dog bites can happen suddenly — knowing what to do in those first moments can help prevent infection and promote healing.,health,en
First Aid on a Drowning Child 🛟🚑 #ambulance #paramedic #emergency #firstaid #helpingsavelives,2025-04-14,BavariaMedic,YouTube,"When a child falls into water, every second counts. In this video, you'll learn the life-saving steps to take immediately: 1️⃣ ...",health,en
First Aid Training - Junior Red Cross #shorts #youth #firstaid  #juniorredcross #redcross,2025-03-26,ME & SIS,YouTube,First Aid Training - Junior Red Cross =================================== Song: Jim Yosef - Link [NCS Release] Music ...,health,en
CABCOM Red Cross Youth,2025-03-16,Reynold Arca - Topic,YouTube,Provided to YouTube by Amuseio AB CABCOM Red Cross Youth · Reynold Arca CABCOM Red Cross Youth ℗ Reynold Arca ...,event,en
First Aid on a Stab Wound 🚑🔪 #paramedic #ambulance #firstaid #emergency #hospital #nurse,2025-03-10,BavariaMedic,YouTube,"If someone has been stabbed and the knife is still in place, DO NOT REMOVE IT! Pulling it out could cause severe bleeding and ...",health,en
Uganda Red Cross Society Empowers First Aid First Responders in Uganda&#39;s Disaster Prone Areas.,2025-03-03,Uganda Red Cross Society,YouTube,"Uganda Red Cross Society, with support from the European Civil Protection and Humanitarian Aid Operations, the International ...",health,en
First Aid for Snake Bites 🐍🚑 #ambulance #paramedic #firstaid #emergency #hospital #nurse #survival,2025-02-25,BavariaMedic,YouTube,"A snake bite can be dangerous, but the wrong first aid can make it worse! ❌ DON'T suck out the venom, cut the wound, or use a ...",health,en
Recovery Position | First Aid,2025-02-03,Life Saving First Aid,YouTube,This simple move could save a life! Learn the recovery position in seconds! ⏳ #firstaidtips #firstaid #recoveryposition #cpr ...,health,en
6 Things You Should Have in Your First Aid Kit 🩹❤️‍🩹With Wound Care Specialist Dr. Abdul Moosa,2025-01-30,CLS Health,YouTube,Disclaimer:The information provided in this video is for informational purposes only and should not be considered medical advice.,health,en
First Aid if somebody is chocking 🆘🚑 #ambulance #paramedic #firstaid #emergency #helpingsavelives,2025-01-20,BavariaMedic,YouTube,1️⃣ Back Blows (5 Times) • Stand behind the person and deliver 5 hard hits between the shoulder blades with the heel of your ...,health,en
Join the Red Team: Sri Lanka Red Cross Society - Colombo Branch,2025-01-19,Sri Lanka Red Cross Society - Colombo Branch ,YouTube,"Volunteers: the heart and soul of our mission. Your dedication, compassion, and selflessness drive positive change every day.",event,en
ADA RAME RAME APA INI,2025-01-18,AbidTsVlog,YouTube,ADA RAME RAME APA INI Orderan blood bank refrigerator rs citra arrafiq depok #bloodbank #refrigerator #citraarrafiq #hospital ...,donation,en
IRCS | Indian Red Cross Society | Nursing Lecture,2025-01-15,Rudra Nursing Express,YouTube,IRCS | Indian Red Cross Society | Nursing Lecture #medical #communityhealthnursing #education Your Queries- indian red cross ...,other,en
First Aid on an Abrasion 🩸🚑 #ambulance #paramedic #firstaid #emergency #hospital #nurse //Ad,2025-01-06,BavariaMedic,YouTube,"1️⃣ Rinse the wound thoroughly with clean water to remove dust, dirt, and debris. 2️⃣ Place a sterile gauze pad over the ...",health,en
All Blood Banks Phone Numbers. #shorts #bangladesh #bloodbank #emergencynumber,2025-01-03,BD Business Directory,YouTube,nan,donation,en
First Aid for Asthma Attacks 🚑 | Learn in 90s!,2025-01-02,HMI Institute,YouTube,An asthma attack can happen suddenly—do you know how to respond? Watch our first aid tutorial to learn the crucial steps in ...,health,en
Be Prepared This Cyclone Season | Fiji Red Cross Society,2024-12-20,Fiji Red Cross Society,YouTube,"Fiji Red Cross Society is committed to keeping our communities safe. Watch this video to learn about our preparedness efforts, ...",other,en
Indian Red cross society #nursingcompetition #norcet #nursingnotes,2024-12-12,MY STUDENT SUPPORT SYSTEM,YouTube,nan,other,en
Discover Leadership and Service with Dr. Mukesh Agarwal | Indian Red Cross Society Haryana,2024-12-10,Pranya Media,YouTube,"Discover Leadership and Service with Dr. Mukesh Agarwal | Indian Red Cross Society Haryana In this inspiring conversation, we ...",other,en
"The International Red Cross and Red Crescent Movement, what is it? how does it work?",2024-12-04,International Committee of the Red Cross (ICRC),YouTube,Discover how the International Red Cross and Red Crescent Movement operates as a global network of humanitarian aid.,other,en
பக்கவாதம் - முதலுதவி | First Aid for Stroke in Tamil | Cardiologist Dr E Arunachalam,2024-11-25,Aruna Cardiac Care ,YouTube,Aruna Cardiac Care For more information : Call: 0462-2574577 | 9487665577 #drarunachalam #ArunaCardiacCare #firstaid #cpr ...,health,en
"Over the Rainbow and Hark the Herald Angels Sing (23 Nov 2024, Red Cross Home for the Disabled)",2024-11-24,Kind Notes,YouTube,"Kind Notes performance for the community at Red Cross Home for the Disabled. Players: Shue Churn, Rosalind, Ye Zhi, Chin ...",community,en
"Jingle Bells (23 Nov 2024, Red Cross Home for the Disabled)",2024-11-24,Kind Notes,YouTube,"Kind Notes performance for the community at Red Cross Home for the Disabled. Players: Shue Churn, Rosalind, Ye Zhi, Chin ...",community,en
Hark the Herald Angels Sing,2024-11-23,Kind Notes,YouTube,"Kind Notes performance for residents and staff from the Red Cross Home for the Disabled. Players: Shue Churn, Rosalind, Ye Zhi, ...",community,en
"Over the Rainbow (23 Nov 2024, Red Cross Home for the Disabled)",2024-11-23,Kind Notes,YouTube,"Kind Notes performance for residents and staff from the Red Cross Home for the Disabled. Players: Shue Churn, Rosalind, Ye Zhi, ...",community,en
Zambia Red Cross Society,2024-11-20,Zambia Red Cross Society,YouTube,rodekruisnederland.,other,en
First Aid on a Deep Cut! 🚑🩸#ambulance #paramedic #emergency #firstaid #nurse #hospital,2024-11-18,BavariaMedic,YouTube,1️⃣ Apply direct pressure to the wound to slow bleeding. 2️⃣ Wrap a bandage tightly around the area. If no bandage is ...,health,en
Vizianagam Red Cross Ambulance Service,2024-11-14,Bahujana Balam,YouTube,emargency #ambulance #viralvideo #vizianagaram #vizianagaramdistrict #hospitalnews.,health,en
A day in blood bank #bloodbank #hospital #duty,2024-11-13,Lab Craft,YouTube,A day in blood bank Blood bank mini vlog Blood bank duty Duty time . . . . . . . . #bloodbanking #hospital #hospitalduty #minivlog ...,donation,en
ESTANCIA RED CROSS YOUTH,2024-11-01,Jiayann Cassano,YouTube,nan,event,en
Explore the Fascinating History of the International Red Cross!,2024-10-30,Sapiens Spectrum,YouTube,Explore the Fascinating History of the International Red Cross! - Geneva Conventions of Humanitarian Law ...,other,en
First Aid on a Finger Wound 🩸🩹 #ambulance #paramedic #firstaid #emergency #hospital #nurse,2024-10-21,BavariaMedic,YouTube,"For bandaging a finger, start by placing a sterile gauze pad over the wound, then wrap a bandage around the finger. Watch out to ...",health,en
INDIAN RED CROSS SOCIETY OF DEFINE _ CHN 2 _ BSC NURSING\GNM _ DEFINE OF INDIAN RED CROSS SOCIETY _,2024-10-12,Dr Sk Nursing Notes,YouTube,INDIAN RED CROSS SOCIETY OF DEFINE _ CHN 2 _ BSC NURSING\GNM _ DEFINE OF INDIAN RED CROSS SOCIETY _.,other,en
Red Cross Youth Orientation,2024-09-24,Andrew Philip,YouTube,Music: Let's Celebrate Musician: Music_Unlimited Site: https://pixabay.com/music/letx27s-celebrate-lo-fi-hip-hop-music-121573/,event,en
Indian Red Cross society....Deesa... disaster management training(5),2024-09-22,Kala Srushti Chandubhai ATD,YouTube,nan,other,en
Discover the 7 Fundamental Principles of the Zambia Red Cross Society | HINIVUU,2024-09-19,Zambia Red Cross Society,YouTube,"In this video, we explore the 7 guiding principles—Humanity, Impartiality, Neutrality, Independence, Voluntary Service, Unity, and ...",other,en
Blood bank part 3||TTi||#dmlt #biology #bloodtest #bloodbank,2024-09-17,tech rayyan MLT ,YouTube,nan,donation,en
Singapore Red Cross to feature in NDP show segment for the first time this year,2024-08-02,CNA,YouTube,Singapore's Red Cross Society will be making its debut at the National Day Parade's show segment this year. To mark Total ...,other,en
Indian red cross society #National health agencies#,2024-07-15,Nursing pro tips⚕️,YouTube,nan,other,en
At the International Red Cross and Red Crescent Movement...,2024-07-12,International Committee of the Red Cross (ICRC),YouTube,"we give all we have in a world inundated by armed conflicts, disasters, and unprecedented challenges. Our emblems, more than ...",other,en
Cpr Training by Indian Red Cross Society | Basic First Aid Course #firstaid #cpr #thecooldeepsingh,2024-07-01,TheCooldeepSingh Traveller,YouTube,nan,health,en
The birth of the International Red Cross and Red Crescent Movement,2024-06-28,Hong Kong Red Cross香港紅十字會,YouTube,"Do you know how the International Red Cross and Red Crescent Movement began? It all started with a man, named Mr. Henry ...",other,en
A Day in Blood Bank 🩸#bloodbank | #medical | #laboratory | #work | #shorts| #vlog |,2024-06-27,Rihana Husain,YouTube,nan,donation,en
MEGA RED CROSS YOUTH,2024-06-23,Princess P. Arcuna,YouTube,nan,event,en
Different Blood Components 🩸🩸#shorts #viral #trending #blood #mltclass #bloodbank #neet #lab #viral,2024-06-12,MLT CLASS🎯,YouTube,"Follow - @MLTclass **Plasma and Serum: Quick Overview** **Plasma:** - Liquid component of blood, about 55% of its volume.",other,en
Ensuring safe transfusions one test at a time. 🩸,2024-05-29,Learntoupgrade,YouTube,Discover the importance of ABO group testing in our Blood Bank. #BloodBank #ABOTesting #SafeTransfusions #BloodDonation ...,donation,en
"Orientation Program, Nepal Red Cross Society #ImperialYouthRedCrossCircle",2024-05-10,"Imperial Business College, IBC",YouTube,"Orientation Program of Nepal Red Cross Society, Youth Red Cross Circle IBC on May 8, 2024 at Imperial Business College, ...",other,en
World Red Cross Day | Indian Red Cross Society | Latest update | Drishti IAS English,2024-05-08,Drishti IAS : English,YouTube,World Red Cross Day is an annual observance held on 8th May to honour the humanitarian work and principles of the ...,other,en
A Cadet&#39;s Odyssey — A Red Cross Youth Uniformed Group Production,2024-05-07,Singapore Red Cross,YouTube,Presenting A Cadet's Odyssey — a Red Cross Youth original produced by Apichat Lee for RCY's World Red Cross Day ...,event,en
國際紅十字與紅新月運動的三個組成部份 The three components of the International Red Cross and Red Crescent Movement,2024-05-07,Hong Kong Red Cross香港紅十字會,YouTube,哪裡有苦難，哪裡就有紅十字。 在衝突日益頻繁、氣候變得更為極端嘅世界中，更突顯出國際紅十字與紅新月運動（本運動）對有 ...,other,en
Seizure First Aid,2024-04-27,Epilepsy Foundation Los Angeles,YouTube,"Seizure First Aid with Dr. Holder, MD Thank you to Dr. Holder of Brain Works Foundation for her contribution and support.",health,en
H-1 Semnas TBD!! Let&#39;s join us Now!! #reels #reelsvideo #seminar #bloodbank #bankdarah,2024-03-26,TBD PEDIA,YouTube,Yukk join ke Semnas Teknologi Bank Darah Registrasi: bit/ly/SEMNAS_TBD_GB2024.,donation,ms
Successful Blood Letting Event Organized by Red Cross Youth Organizatio,2024-03-02,Gumaca West CS,YouTube,"On February 29, the Red Cross Youth Organization (RCYO) diligently prepared for a blood letting event scheduled for March 1.",event,en
First Aid for Snake Bite | பாம்பு கடிக்கு முதலுதவி,2024-02-28,Kauvery Hospital,YouTube,"Usually, people panic as soon as they experience a snake bite. However, it is important to know that 90% of snakes in India are ...",health,en
Blood typing #laboratory #medtechstudent #cls #mls #blood #bloodbank #bloodgroup #bloodtype #ABO,2024-02-22,The Medtech Lab,YouTube,nan,other,en
The Indian Red Cross Society /IRCS/Nursing Notes in hindi#@AnitaSharmaGyan,2024-02-08,Anita Sharma,YouTube,The Indian Red Cross Society /IRCS/Nursing Notes in hindi#communityhealthnursing #bscnursing #mscnursing COMMUNITY ...,other,en
International Day of Women in Multilaterism!🌏,2024-01-26,Sri Lanka Red Cross Society,YouTube,Celebrating the incredible women of Sri Lanka Red Cross Society on International Day of Women in Multilaterism!  From 25 ...,other,en
About Uganda Red Cross Society.,2023-12-14,Uganda Red Cross Society,YouTube,"Established in 1964 under the Red Cross Act, Cap 57 of the laws of Uganda, Uganda Red Cross Society (URCS) is a ...",other,en
Off The Shelf “Wilderness” First Aid Kits,2023-12-03,PrepMedic,YouTube,A look at two off the shelf first aid kits sold at REI.,health,en
report on red cross society#viral #english,2023-11-30,Empire of knowledge,YouTube,nan,other,en
first aid mcqs | first aid mcqs questions and answers | mcqs on first aid | first aid management,2023-11-19,Dear Competitive Exams,YouTube,first aid mcqs | first aid mcqs questions and answers | mcqs on first aid | first aid management | first aid mcqs questions and ...,health,en
Red Cross Youth,2023-11-18,Punggol Secondary School Open House,YouTube,nan,event,en
First Private Blood bank of West Champaran! #hospital#bloodbank,2023-11-08,Sinha Multispeciality Hospital,YouTube,सिन्हा हॉस्पिटल ने चंपारण में एक नए पढाव में कदम रखा है! अब खुल चूका ...,donation,en
SANRUGO 2023 | RED CROSS YOUTH,2023-10-25,Angelo Timonera,YouTube,ILIGAN CITY RED CROSS YOUTH.,event,en
Common Bandages in a First Aid Kit #cpr #firstaid #training #course #cprtraining #firstaidtraining,2023-09-27,First Aid Pro,YouTube,Adam from First Aid Pro talks about the three common bandages found in First Aid Kits #cpr #firstaid #training #course ...,health,en
First Response: The Complete Guide to First Aid (Full Version) - First Aid CPR AED Courses - Toronto,2023-09-24,Heart2Heart CPR - First Aid 4 Real,YouTube,REGISTER TODAY: https://heart2heartcpr.com #toronto #mississauga #brampton Heart to Heart CPR Inc. is proud to present this ...,health,en
Indian Red Cross society national health agency in Hindi || indian red cross society history||,2023-09-19,THE SMRITI official nursing ,YouTube,Indian Red Cross society national health agency in Hindi || indian red cross society history|| your Queries indian red Cross society ...,other,en
TUP Manila - Red Cross Youth,2023-09-07,Ra Qui,YouTube,This a call for all the students of TUP Manila to all the aspiring volunteers of the RED CROSS with the heart of a Humanitarian and ...,event,en
கடலில் மூழ்கினால் செய்ய வேண்டிய முதலுதவி🌊🏊🏻‍♂️🩺 #drowning First Aid🤔😲 #lifesavingtips,2023-08-31,Rooted Wellness,YouTube,nan,health,en
Blood Bank Refrigerator #easyaccesstolab #pathologylab #medicallaboratory #lab #bloodbank #youtube,2023-08-30,EasyAccessToLab,YouTube,nan,donation,en
International Red Cross founded,2023-08-22,This Day in History ,YouTube,"shorts In 1864, the Geneva Convention was established by 12 nations in Geneva, championed by Swiss humanitarian Jean-Henri ...",other,en
blood bank emergency number 🥰🩸#shorts #azarchannel #bloodbank,2023-08-14,AZAR CHANNEL,YouTube,nan,donation,en
Wheelchair Cleaning at Singapore Red Cross Home for the Disabled,2023-08-06,Engineer Edison,YouTube,"IIEE Singapore Monthly Wheelchair Cleaning at Singapore Red Cross Home for the Disabled on August 5,2023.",community,en
BLOOD BANK QUALITY CONTROL 🩸 #mls #lablife #bloodbank #blood #stem #medicallaboratory #scrubs,2023-08-05,Alexandra Adams,YouTube,nan,donation,en
MY DAY IN BLOOD BANK! 🩸#medicallaboratory #lablife #mls #stem #diml #bloodbank,2023-07-30,Alexandra Adams,YouTube,nan,donation,en
What to do - Impaled Object | First Aid Bandaging,2023-07-26,Life Saving First Aid,YouTube,What to do when treating an impaled object! ✓ Follow to learn how to make a donut bandage #firstaid #impaledobject ...,health,en
DRSABCD Action Plan | Learn First Aid,2023-07-19,Life Saving First Aid,YouTube,Follow your DRSABCD action plan in any first aid emergency! #firstaid #drsabcd #defibrillator #firstaidtraining #fyp #cpr ...,health,en
🐝தேனீ கடிக்கு இந்த மாதிரி முதலுதவி பண்ணுங்க🤓 First aid for #honeybees bite #shorts,2023-07-02,Rooted Wellness,YouTube,Hiii everyone I am Dr. Thirumalai Kumaran Yoga & Naturopathy Consultant Giving online consultations and taking online yoga ...,health,en
Airway Check | Learn First Aid,2023-06-15,Life Saving First Aid,YouTube,Critical step in our DRSABCD action plan is assessing the airway!,health,en
Blood 🩸 sample for TTI screening #bloodbank  #blooddonation  #biomedicalengineer  #medicallaboratoy,2023-06-11,"Masroor Dar ( Lab technologist,vlogger,Hodophile)",YouTube,nan,other,en
#bloodbank #blooddonation #blooddonationcamp #donation #shorts #like #viral #lab #technician,2023-06-09,Nishu ke vlog ,YouTube,nan,other,en
Pertolongan Cemas CPR | First Aid Bantu Mula | PJPK T1-T5 | DRABC | PDPR | St John JPP,2023-05-30,XhaslanX,YouTube,Assalamualaikum Video Pertolongan Cemas CPR kali ini murid St John SMKJPP minta bantu mereka dalam teknik rakaman dan ...,health,en
Child club &amp; Junior Red Cross Society members cleans school and community compound and toilet.,2023-05-25,Moin Uddin Show,YouTube,Child club and Junior Red cross Society members cleans the school compound and toilet as well as goes to the community to ...,other,en
மின்சாரம் தாக்கினால் செய்ய வேண்டிய முதலுதவி என்ன? First aid for Electric Shock,2023-05-24,Sri Ramakrishna Hospital,YouTube,மின்சாரம் தாக்கினால் செய்ய வேண்டிய முதலுதவி என்ன? First aid for Electric Shock ...,health,en
"❤️ CPR, BLS, and CPR Instructor Training #AHA #ASHI #FirstResponders #NurseLife",2023-05-18,Florida Training Academy,YouTube,"Learn First Aid and CPR. Become a Life Saver. For CPR, BLS, and First Aid Classes in Jacksonville, visit https://FLtraining.com.",health,en
"World Red Cross Day 2023 — Message by Mr Tan Kai Hoe, Chairman, Singapore Red Cross",2023-05-09,Singapore Red Cross,YouTube,"Singapore Red Cross' Chairman Mr Tan Kai Hoe shares a message for Red Cross Youth this World Red Cross Day, 8 May 2023.",event,en
國際紅十字與紅新月運動的起源 The birth of the International Red Cross and Red Crescent Movement,2023-05-08,Hong Kong Red Cross香港紅十字會,YouTube,香港紅十字會你知道國際紅十字與紅新月運動的起源嗎？ 在百多年前，瑞士商人亨利‧杜南途經意大利北部的索爾弗利諾。當時法國和 ...,other,en
Happy World Red Cross and Red Crescent Day !!,2023-05-07,Pavo Ultimate Essence of Living,YouTube,pueliving Happy World Red Cross and Red Crescent Day Red Cross and Red Crescent International Red Cross and Red ...,other,en
May 8: சர்வதேச செஞ்சிலுவை தினம் | International Red Cross Day | Dr ரத்னமாலா புரூஸ் | Tamilosai FM,2023-05-06,TAMILOSAI FM - Dr Rathnamala Bruce,YouTube,சர்வதேச செஞ்சிலுவை தினம் | World Redcross Day | May 08 | முனைவர் ரத்னமாலா ...,other,en
FIRST AID COURSE || First aid online apply kaise kare || Registration Red Cross society,2023-04-30,Sonu Pamar,YouTube,First Aid Red Cross Society https://ircsfa.org फर्स्ट एड सर्टिफिकेट ऑनलाइन कैसे अप्लाई ...,health,en
தீடீரென மாரடைப்பு ஏற்பட்டால் செய்ய வேண்டிய முதலுதவி என்ன? FIRST AID FOR HEART ATTACK,2023-04-28,Sri Ramakrishna Hospital,YouTube,தீடீரென மாரடைப்பு ஏற்பட்டால் செய்ய வேண்டிய முதலுதவி என்ன? FIRST AID ...,health,en
"Heart Attack வந்தவங்களுக்கு FIRST AID செய்ய, கட்டாயம் கத்துக்கோங்க! Dr. Preetha #shortvideo #shorts",2023-04-24,Doctor Vikatan,YouTube,"heartattack #firstaid #educationalvideo Heart Attack வந்தவங்களுக்கு FIRST AID செய்ய, கட்டாயம் ...",health,en
Philippine Red Cross Youth Leading the Way to a Better Future!,2023-03-30,Solferino Voices,YouTube,"What do you envision for the future, and how can we create positive change? In this video, we asked youth volunteers from the ...",event,en
Blood bank Refrigerator li4t AaH?,2023-03-26,Karyadi Daily,YouTube,karyadidaily #bloodbank #alatlabolatorium blood bank refrigerator lihat aah? Blood bank..alat penyimpan darah.blood bank ...,donation,en
Laboratory Biomedical Freezer Blood Bank Refrigerators Wow..?,2023-03-25,Karyadi Medika,YouTube,karyadimedika #bloodbank #Freezerdarah Laboratory Biomedical freezer blood bank refrigerator Wow..? Blood bank ...,donation,en
basic life support 4. how to give heart massage. மாரடைப்பு முதல் உதவி. first aid for heart attack,2023-03-08,NRG Healthcare,YouTube,heartattack #firstaid #chestpain #chestpaintreatment #chestcompression #basiclifesupport #lifesavingtips #cpr.,health,en
பக்கவாதம் மற்றும் முதலுதவி | First aid for someone who may be having a stroke #shorts,2023-02-15,Aathichoodi Health info Media,YouTube,firstaid #FirstAidforStroke Watch Full Video : https://youtu.be/UY5ro1UtbB0 பக்கவாதத்திற்கான அறிகுறி ...,health,en
முதல் உதவி - குழிவிழுந்த மண்டைக்கட்டு போடும் முறை😊😊 First aid - skull bandage,2023-01-14,Fire and Rescue,YouTube,In India ! Tamil Nadu State ! Theni district ! cumbum fire and rescue service station.. An explanation of how to apply a skull ...,health,en
RED CROSS YOUTH TEAM BUILDING,2023-01-11,Vonny,YouTube,nan,event,en
முதலுதவி - சிறிய கை தூக்கு போடும் முறை☺️☺️ First aid - Wrist bandage,2023-01-10,Fire and Rescue,YouTube,In India ! Tamil Nadu State ! Theni district ! cumbum fire and rescue service station.. An explanation of how to apply a wrist ...,health,en
"Indian Red Cross Society, Singrauli is helping disabled people and provide them artificial limbs etc",2023-01-09,Jayprakash Dubey,YouTube,nan,community,en
How To Apply Red Cross Certificate Online 2023 | First Aid Certificate Online Haryana | Online 2023,2023-01-05,DIGITAL PATHSHALA,YouTube,"Hello Dosto, Red Cross Certificate Online Ghar se apply karke bana sakte ho. Is video me Online kaise banaye is bare me puri ...",health,en
Basic First Aid Training UK (Updated 2023),2023-01-01,First Aid Guru,YouTube,This high-quality First Aid training has been made to help you gain sufficient awareness of first aid. You never know when you ...,health,en
